nama,jenis,energy0,idm0,cont0,korelasi0,energy45,idm45,cont45,korelasi45,energy90,idm90,cont90,korelasi90,energy135,idm135,cont135,korelasi135,lebel
ngengat/60.jpg,G1,0.4765667918218313,0.051393693586226086,444.77364905166945,0.9554693650524062,0.4671400966627649,0.03602390978665753,841.1912907763298,0.9126385145667103,0.4725861704594252,0.04309935454359495,639.1547355273462,0.9361866892305821,0.46792729401931,0.038183916700421774,839.9935825811983,0.9131799990461829,0
ngengat/45.jpg,G1,0.00984872606549777,0.037395275250800025,352.8549952438655,0.9482222220376598,0.009232360546037956,0.030922462194585137,435.34541558629394,0.9361228175177398,0.011059238137016262,0.04554882447142052,227.19465863529607,0.966963965841738,0.009096479882348843,0.030077797992458192,447.4681333848289,0.9343440417542,0
ngengat/38.jpg,G1,0.010242014662734163,0.02805017921146947,491.5480161290367,0.907522984180083,0.009832468192881616,0.026353809854856528,566.3197007104459,0.893503715453647,0.010933574412254825,0.031613937619994564,350.104910048101,0.9339868368851162,0.00974921464216645,0.025232188759923592,573.4929599568268,0.8921568331379711,0
ngengat/7.jpg,G1,0.042458940101161656,0.2302110691117716,53.548375932967936,0.9827950174791815,0.036599208534557365,0.16889659614335015,87.53618276103279,0.9719130759915798,0.04231738692359133,0.21801259194642278,52.08262031706973,0.9835338303879698,0.03606814248107124,0.1702112276344523,98.00935342731294,0.9685526411744662,0
ngengat/40.jpg,G1,0.021467549847240062,0.16148201324080716,169.02999122597032,0.9550410079503477,0.01689115735282318,0.08439708764081033,284.2596354488654,0.9241921033956839,0.021698180773757576,0.1553234672232548,180.5427031303352,0.9525351301089242,0.01778123552723587,0.09221306538403702,265.1338265367311,0.9292928614562318,0
ngengat/12.jpg,G1,0.03092651210278231,0.14075425790754276,369.5358692503708,0.909151956588482,0.026823126328139383,0.10097740283015597,522.966906836697,0.8714206636530516,0.02967858960152847,0.12609961093059466,304.21063068416663,0.9263238863165322,0.026152619593336136,0.09467156392341494,455.54452970402247,0.8879975747227933,0
ngengat/61.jpg,G1,0.3374672241326727,0.18657014877619565,928.1500159974312,0.9302382011417686,0.3184271019959631,0.13696774561545416,1444.3658836424133,0.8873820676131899,0.3289206412913764,0.14785199085760659,1092.1953124930214,0.9057286388737193,0.3162361822855543,0.12771943493539992,1465.281792318939,0.8851392470864796,0
ngengat/9.jpg,G1,0.035993639063660925,0.30871410214266515,13.073562591518936,0.9958118410510044,0.02910888450243368,0.19998328816716998,21.954921068572933,0.9929696338042975,0.03286806065569814,0.259635146738284,11.539216363379538,0.9964739720371502,0.029068227967559642,0.19806380337735827,22.48260045471989,0.9928006623044815,0
ngengat/69.jpg,G1,0.029716988375199652,0.1615519859346286,277.06093662591263,0.9070233040148026,0.020205179884623288,0.07884650169666241,504.9721671037774,0.830567236965528,0.022060310332217566,0.09062901476991714,382.4500944174625,0.8697345969915353,0.019809036280717427,0.07167568288009084,481.18299929893277,0.8385502567547848,0
ngengat/65.jpg,G1,0.13324218221875633,0.46988116826551707,83.54997342858918,0.9508236304090784,0.12045942246529497,0.4059474733175941,121.12481827407802,0.9288592668405302,0.13353589487751855,0.46566497917486177,74.88982426841521,0.9560028654842327,0.1215981395168376,0.4112824684210744,124.84754204458035,0.9266728042181573,0
ngengat/52.jpg,G1,0.055846078719188924,0.4964789140938843,6.880769101850659,0.995995435722927,0.042477078789005016,0.3221268669669604,24.913490743671776,0.9855050109794142,0.052272643355921494,0.44646682387188874,17.236419565408408,0.9898700150472257,0.046695634387168235,0.38052253219753934,19.771076440032154,0.9884969314527751,0
ngengat/66.jpg,G1,0.02528871476006017,0.13083293518076122,207.54960981047498,0.9779118114899461,0.021718819452202498,0.09335730250069527,413.71434246612665,0.9560014291202835,0.026498852148662495,0.1371752944259119,240.69966833648172,0.9742973432297255,0.021355497111441035,0.08907400270805785,332.0718114425325,0.9646846602930327,0
ngengat/37.jpg,G1,0.18403162566866196,0.5062223285868135,260.5143392764591,0.943011230277575,0.14905486658507688,0.3726665107046138,410.92607660749445,0.9105299000244307,0.18098936551559708,0.4910004119637727,304.36355403399017,0.9338362958858445,0.1600732620532858,0.4201506146185461,420.45993229369554,0.9084541740112397,0
ngengat/44.jpg,G1,0.02130721551071125,0.1322843125523514,149.90650552431455,0.9733200465197293,0.018107177356203465,0.08733145409598313,291.9386975176079,0.9477743553393173,0.023136852185319308,0.1510456013916699,235.25659477955466,0.9642426694553539,0.01785045757191952,0.0843440021977917,338.49562366592664,0.9394442554920805,0
ngengat/53.jpg,G1,0.029563089164688187,0.2737405500521377,165.20122686392165,0.9781408410814593,0.02440314848446386,0.1896669295148112,294.5591548350087,0.9610143030571326,0.02813636667023452,0.24702652995289054,206.3340259667469,0.9723714198473892,0.02468015307631332,0.1911045444148793,264.10841076566254,0.9650444808626363,0
ngengat/48.jpg,G1,0.022896425235073063,0.0848666029730535,114.05601271132554,0.9913918345345373,0.020716661715200056,0.06895716960929252,190.78672222665574,0.9856139359481422,0.024039003049876995,0.09320289598034714,116.7825857068263,0.9910518771314415,0.019848191014790115,0.06349363626438206,213.61998312400686,0.983892589601357,0
ngengat/27.jpg,G1,0.020779394540640476,0.2179363411542366,112.85194686977094,0.9841265361995976,0.017330624396219997,0.15207257326777798,156.14560485061034,0.9780334641479784,0.019857466008653568,0.20257853511965188,123.00536267275871,0.9827245296933047,0.017092172665458493,0.14644796231033166,162.0158788124907,0.9772064031812194,0
ngengat/41.jpg,G1,0.07551643819663373,0.2164313714121904,104.69572909318737,0.9769267663247954,0.07270453666129671,0.17393245911992133,189.03468690055763,0.9583205942096568,0.07407022771015268,0.20538563963455478,104.28671976342724,0.9774712766748165,0.07279891705471164,0.17576873843100507,170.53119536614793,0.9623995697634633,0
ngengat/33.jpg,G1,0.029436430613038814,0.15628680895766317,25.08067736353841,0.9948309193336883,0.027528059982637704,0.13396287488059158,38.36291357109793,0.9920977343779467,0.036352641113485844,0.1740977903196016,20.661152576862005,0.9960002292078841,0.028195024380247288,0.14046438316577364,33.195714784924995,0.9931621167359999,0
ngengat/68.jpg,G1,0.057315538235194786,0.33945779519373026,117.86360910072305,0.8948696916228387,0.04088985774868192,0.19874822988047017,210.58317309921432,0.81238450625545,0.04768111341965852,0.2518120554588737,176.87051153306606,0.8427183361138941,0.040945626329496325,0.1944841330985387,208.01817263483034,0.8146688024355191,0
ngengat/67.jpg,G1,0.017679936246848917,0.09324367467475457,173.60769015883469,0.9725188976493359,0.01587705984083031,0.07270142317147675,255.81380985959777,0.9595967167297033,0.02000535123413978,0.13251811930679397,190.87437798520494,0.9705336331697307,0.015468662331770806,0.06955269951491268,327.01582527986363,0.948351468146115,0
ngengat/64.jpg,G1,0.024428337620875124,0.1076224339412799,73.70468478636074,0.9746937305810591,0.021468042924290595,0.07987202341932986,127.84853001118861,0.9561186540978701,0.026180408889622298,0.11608528209009286,69.64623349758494,0.9765427286469136,0.021328946063116073,0.07854243611592829,129.30187987269196,0.9556200199417351,0
ngengat/15.jpg,G1,0.015593751603577536,0.0738264806935311,336.36366242689195,0.9239751274311637,0.01387757771013127,0.06040822822599406,643.2301832436342,0.8547746575097236,0.01715594264486146,0.09806630414930782,401.5486315621273,0.9095720288251814,0.013774521573550556,0.05981963914216549,611.3649871930234,0.8619665996375103,0
ngengat/8.jpg,G1,0.03807915262018497,0.31199423377638824,28.66706981365671,0.9859768631397197,0.031211441609130915,0.22164987338121708,51.72671554072606,0.9746944101627733,0.037463448592449364,0.3068989035413711,28.59118622970578,0.9858849708047501,0.031749365919673304,0.2245074500097939,48.23575619592557,0.9764022210986419,0
ngengat/57.jpg,G1,0.07228370906103868,0.3005644423621802,14.691644914441163,0.9973835044920087,0.06030353164592564,0.20318599293990103,31.941362791377184,0.994322840274401,0.06937393409983453,0.27523428345566814,18.420526949842888,0.9962665059380763,0.05973014908870174,0.20329776293386728,32.062150847972774,0.9943013684993716,0
ngengat/56.jpg,G1,0.03456427686761796,0.21142120926181315,63.25404297016778,0.9902468274047782,0.029452118416957794,0.15022517993324172,128.9993826117505,0.9801490846494645,0.03325327018537213,0.19277823445008002,84.09572624942764,0.987054751301539,0.02950789655406919,0.14577690123094508,124.54878154566947,0.9808343582848082,0
ngengat/63.jpg,G1,0.033351119489667215,0.0896659683694379,1128.6702617463507,0.8606802908649918,0.027455492498069087,0.05780543723779366,1356.4026070883888,0.8327100348349412,0.031144184772219405,0.08185406169680119,1092.6111751278609,0.8646295045707897,0.027639887204168406,0.058832621790475444,1219.9880606573176,0.8495245915518191,0
ngengat/26.jpg,G1,0.010242014662734163,0.02805017921146947,491.5480161290367,0.907522984180083,0.009832468192881616,0.026353809854856528,566.3197007104459,0.893503715453647,0.010933574412254825,0.031613937619994564,350.104910048101,0.9339868368851162,0.00974921464216645,0.025232188759923592,573.4929599568268,0.8921568331379711,0
ngengat/43.jpg,G1,0.054454076803640415,0.2060119047619048,172.12454365079233,0.9569414983154276,0.0467658567070082,0.16418291272704397,255.30886909428492,0.9362034763771705,0.05503201014996597,0.20341192005938388,183.38083190550515,0.9543122089861743,0.04663451281424557,0.1628475877776685,288.15629433469496,0.9279957804108836,0
ngengat/51.jpg,G1,0.024274203381896845,0.13118356908814852,333.4759849756304,0.9206987561717744,0.020116749400076243,0.08505133414135788,478.21910786191495,0.8865961112700865,0.0248709522453117,0.1340938835587325,214.72793908753448,0.9491547163218803,0.021160554449773397,0.0919396343786255,290.54030982908506,0.931102122473428,0
ngengat/62.jpg,G1,0.6045409508643524,0.838600352112676,50.51887470657139,0.9865320607368455,0.5964706756505916,0.7928567125953438,127.8598128900087,0.9659609682738736,0.6010637433807979,0.8054846130968727,90.82589014554445,0.975787077729826,0.596148827757227,0.7888916234849347,124.7110340023071,0.9667989899913562,0
ngengat/29.jpg,G1,0.24304744318025304,0.5839237516869098,756.1809238641225,0.9281476160471788,0.23524463692043432,0.5616466366275197,835.9755767554115,0.920576392763454,0.24495504423277092,0.591445811775303,576.8311672736095,0.9450293041457807,0.23499735021154655,0.5605993221762116,928.2444059921978,0.9118535862847772,0
ngengat/58.jpg,G1,0.034842143058953494,0.2275694395584635,55.35296715839209,0.9923450154766998,0.029577914135676616,0.17143103117334502,148.5256582880123,0.979451383055345,0.03416004825398934,0.2178946003863487,104.90070566313538,0.9868790931848037,0.029176638285328932,0.165853575718832,131.13587616292983,0.9818572498113416,0
ngengat/34.jpg,G1,0.02726811132614881,0.20552595754693184,89.92588359859562,0.969854449631897,0.023688392073308442,0.12361207246181732,114.18389145622967,0.9616632756872148,0.029413106647721125,0.21289411983084483,59.96906085573206,0.9775928776663473,0.02413181952941619,0.13896614857556822,133.89095094945043,0.9550467574988206,0
ngengat/5.jpg,G1,0.12873123369018893,0.3310190233854358,42.90132830485858,0.9954703931396336,0.11451014371902754,0.2651248074022261,98.02267378020294,0.989652392927418,0.16449947897350586,0.38018788630682315,56.25389054871935,0.9939078929846439,0.11435089758050498,0.26197938258588016,87.03091515808595,0.990812720377645,0
ngengat/18.jpg,G1,0.3937052880254314,0.5114676936243047,44.72946907606636,0.994053920598179,0.3469448186514071,0.4176044492584742,74.45313936966699,0.9906313221952936,0.35683994783694606,0.4413308912089917,47.996452287444555,0.9939222841455504,0.3468356500098068,0.4168716219108628,95.91542806189683,0.9879321856255792,0
ngengat/23.jpg,G1,0.011320929222503601,0.041391853539593154,672.9828116880677,0.8665514517996639,0.010258061010175413,0.026404400431080076,976.977594799577,0.8066974873661987,0.011804785834488405,0.04192652427296297,701.4178341162062,0.8610350422473021,0.010200006785653082,0.027670335701567128,1022.8329867345482,0.7976296793488363,0
ngengat/46.jpg,G1,0.030200625089474315,0.09960506858170035,33.96003533130839,0.9870640296583025,0.026784916618682087,0.07573809250506292,53.9257834262871,0.9794719324629786,0.03010583478057713,0.09713037320686914,35.71448364405233,0.9865457103391323,0.026792653807897086,0.07506324293308046,59.29779330015797,0.9774269720493212,0
ngengat/20.jpg,G1,0.06585607368945469,0.4071348584226525,43.73890177571597,0.9940089718894232,0.05310051858312283,0.28599817330797644,102.1365365760375,0.986040812486947,0.06255615965758068,0.38045836166979907,80.31165905340535,0.9877813363856265,0.054100630094034825,0.30475404495832115,115.75060433948617,0.9841801373596705,0
ngengat/59.jpg,G1,0.023371457724372033,0.1674843444617287,383.2872841131206,0.9238838022270369,0.01916634369846995,0.10415623903316679,611.4112030978735,0.878918390567545,0.023648932713919397,0.1734235708581868,389.90107069020024,0.92140392286046,0.018669690125948924,0.09834112221157679,536.9173013507709,0.8936673009808497,0
ngengat/42.jpg,G1,0.0455862066602071,0.33465808854873735,95.05110964644798,0.9865271847859917,0.039934766330712974,0.26996800257822384,136.29812674449605,0.9806790642495774,0.04700552830108978,0.3205757588447694,79.74649403345153,0.989145256587381,0.039070508774219075,0.2468484621075486,155.20134908436546,0.9779995303426378,0
ngengat/24.jpg,G1,0.035993639063660925,0.30871410214266515,13.073562591518936,0.9958118410510044,0.02910888450243368,0.19998328816716998,21.954921068572933,0.9929696338042975,0.03286806065569814,0.259635146738284,11.539216363379538,0.9964739720371502,0.029068227967559642,0.19806380337735827,22.48260045471989,0.9928006623044815,0
ngengat/22.jpg,G1,0.024232613065998564,0.10674615002483843,304.79908594138175,0.8665094554342331,0.022247218279878175,0.09009024287525755,471.3722163210267,0.7940296348818195,0.029523472237326737,0.16709915814660137,278.2568508729389,0.8803289302236891,0.021680548032129685,0.08002171982895638,451.67899256471503,0.8026337222826341,0
ngengat/1.jpg,G1,0.5317951993253295,0.5507905138339905,427.52730313165324,0.96405760215412,0.5265655002494571,0.5408440608187707,651.5694011687,0.9453226351161332,0.6814813649056686,0.6982083214555613,309.553981287426,0.9665807958525026,0.5259349118141756,0.5419000367783756,649.6420016795685,0.9454842565258481,0
ngengat/30.jpg,G1,0.03452618932632402,0.18610270342618715,35.95881108421144,0.9832390291175066,0.031206785734042747,0.15214514844110916,57.08818323334542,0.9734073999510854,0.03367351332325149,0.17636977390832384,33.88595207291528,0.9846856897375336,0.030947117679267177,0.15075711559719032,52.15137750801583,0.9757070298479428,0
ngengat/39.jpg,G1,0.08016664942749438,0.2844113263785392,529.1172180824724,0.9566914973645037,0.075261966002781,0.18279923300885423,852.3688661009184,0.9301265009623924,0.13944902649002858,0.28191856706468654,675.5527479715768,0.9484370796520607,0.07532767835323352,0.19198980876643465,991.0393908764418,0.9187654081199141,0
ngengat/3.jpg,G1,0.02485297150798544,0.16044417463449143,366.3296234464963,0.9224371014648964,0.0199904538034631,0.09971919750204211,558.6581546097294,0.881603811318374,0.02304580892857581,0.1392180677951513,384.55907584829555,0.9185559886609773,0.019767813734932915,0.0983201576378855,556.0628705911299,0.8821572239910562,0
ngengat/21.jpg,G1,0.27012317999557994,0.34964973730297727,59.551654530371,0.9898046708747896,0.2639742422758965,0.3261371916720357,109.23665982005055,0.9813097196862985,0.40345693524952553,0.4725544452814138,53.04617838337962,0.9904996949021174,0.26537111122398965,0.3324221272327726,124.6409179158905,0.9786740684047238,0
ngengat/25.jpg,G1,0.02482162803561021,0.0641921469062575,331.7067647573875,0.863238987648193,0.022677563654905725,0.050967376693284466,404.92402404509033,0.8332825113389478,0.026063543535565795,0.06925388559478371,212.00688273005474,0.9121427885602087,0.022341600876205087,0.048845470643720884,394.8393482001765,0.8374324536247402,0
ngengat/6.jpg,G1,0.07716898077191003,0.5741534358719922,73.8346254031251,0.9895735504440761,0.06926758460186146,0.48674141868657606,140.19072562087226,0.9802002701271361,0.07984273702667824,0.5909021519626336,84.01732163869671,0.9893965184151151,0.06916331467023974,0.48734124822759706,119.32208056697735,0.9831475620257626,0
ngengat/50.jpg,G1,0.03765293560884454,0.26080875889075367,106.01382562135495,0.9680789068334728,0.02669144103683009,0.1348380521891488,240.9869266758761,0.9275414200171672,0.031011726122240783,0.18662748735800594,139.3348200953536,0.9599088696696468,0.027069911572375083,0.1372263606283251,167.4102085514637,0.9496646687255005,0
ngengat/14.jpg,G1,0.33060049083317083,0.055254647540820996,514.3090490645455,0.9375871199086501,0.3251602322383986,0.04654012527497606,678.5583746092094,0.9166637542688573,0.3302142401533979,0.05914873597593551,537.2230088645309,0.9277056531751313,0.32465027036804595,0.04047076384562569,658.4044407332575,0.9190481322288545,0
ngengat/36.jpg,G1,0.04297610663960483,0.3107735765549204,23.18168071092012,0.9970228943327941,0.03700850010588464,0.23736852911910994,56.84063148056751,0.9927034145224869,0.04238971613686607,0.30917637736700143,34.13117880702432,0.9949386281187832,0.036964836129730186,0.22641863692880468,50.44570944147057,0.9935242998309877,0
ngengat/35.jpg,G1,0.046085124958511386,0.22191309723912753,77.1033675302843,0.9373276211708601,0.0373993625297799,0.13947412587339705,158.91329734761845,0.8709077800327215,0.04195300746603869,0.17866423584609312,117.79937235207477,0.9044409467487815,0.03809671189763733,0.1441029244383724,155.3809457011538,0.8737772171291093,0
ngengat/16.jpg,G1,0.05419339433033054,0.31955025373584217,44.73104000726612,0.9964373651380162,0.04327761889777879,0.2001396006104764,110.98306608364236,0.9911654087288991,0.04899483212719314,0.26073056964708924,74.65012125058966,0.9937757232771484,0.0456401520682942,0.22381216069422938,110.2901911879882,0.9912205683613923,0
ngengat/55.jpg,G1,0.1024289999450203,0.4131029411764711,152.9911507352953,0.9118808993647725,0.08816398185514251,0.3310396099173903,211.76939417010425,0.8780707357482012,0.09907059471311716,0.40887240877668946,135.32703438886708,0.9220075603296419,0.08853026451428067,0.3325861227517085,177.17256431731315,0.8979903277995236,0
ngengat/4.jpg,G1,0.02867537884071596,0.13065345494126043,803.5362759448933,0.8699751131657062,0.02379613839560405,0.08503583569243126,1151.9270624133326,0.814043478819599,0.026432606000695077,0.10559644006175754,788.2152264684679,0.8724478666332055,0.023729085380391448,0.08586495713337781,1317.0069990427112,0.7873861865107417,0
ngengat/70.jpg,G1,0.012990064882582846,0.04588967332774919,679.0452514857928,0.90233401097942,0.012362524135634951,0.03860205517803758,990.1384035223662,0.8579978546921412,0.017003880755854517,0.07796645032359824,635.7179014223117,0.9096498453971681,0.011866486695374347,0.03525392461148788,1089.6017910505543,0.843722364769416,0
ngengat/13.jpg,G1,0.031190016166841066,0.149970149253731,245.55542288557228,0.9489084208937223,0.0272575659326732,0.12292054099213999,321.05099008858855,0.9331245575036278,0.0468744023983683,0.22849566204515775,197.6056633017683,0.963779276640956,0.026927050141295053,0.11498227026785657,303.90365404023925,0.9366957366425004,0
ngengat/31.jpg,G1,0.07012866480708137,0.17868101032893535,301.92110291883205,0.9676022699407929,0.06586597822733374,0.14780897692843176,479.8130847582604,0.9480181459990592,0.12389467655623365,0.24993260319784041,240.2525231961759,0.973999349325006,0.06599309081531496,0.1408059646353764,472.1200631571459,0.9488617230682783,0
ngengat/54.jpg,G1,0.02994442590339249,0.24821240665308902,60.44572089273704,0.9877249076582238,0.02552303247668506,0.18522059272100588,101.75538839843352,0.979337017334616,0.030853502367024103,0.2618723122727559,43.94822402523827,0.9913539295444959,0.027508406537550493,0.21688667645111875,65.4048960264571,0.9867183055800186,0
ngengat/11.jpg,G1,0.03820812372845306,0.3990436001042752,22.988534606360744,0.9936144570007442,0.03174754368669012,0.29714393726452715,38.05543060977518,0.9894316296728198,0.03828234626389016,0.40514458137610887,23.57285876788604,0.9938189018807289,0.03136637700218143,0.2928015984683587,40.71907332688541,0.9886919189319463,0
ngengat/10.jpg,G1,0.013955064169375269,0.06048290700454219,322.6109251733167,0.9436933236315896,0.012496448022260095,0.0436623369298346,422.2711718590359,0.9261953703591072,0.01507505262285904,0.06905927454430763,209.94776764715093,0.9643304432091273,0.012517924615748244,0.04248085438162987,414.7426386495107,0.927511083304386,0
ngengat/47.jpg,G1,0.03308506320249307,0.3266111819511271,35.93758658011571,0.9932523094307224,0.027756407574347438,0.22938668886943883,57.81629199498832,0.9891429698026629,0.03545185655417028,0.3531060548601138,29.663099584230622,0.9938897600701125,0.028542498305657818,0.24029608628940122,57.36991298627634,0.9892271526416131,0
ngengat/28.jpg,G1,0.023174725762430192,0.15468113975576644,206.36591108628693,0.9524327292293577,0.019054539967758147,0.09805923250496765,355.3462530023174,0.9181927586428027,0.023299543163361233,0.147077756420486,260.63177630920546,0.9414393852712941,0.0188844627624945,0.09733689899008562,384.93936953153514,0.9113813480408122,0
ngengat/19.jpg,G1,0.05708846960726295,0.2818003326037636,212.43870903679525,0.9685457362440554,0.050050121305417514,0.2159490135282317,284.77060626624115,0.957860338053076,0.055967871351763426,0.2779642250103713,169.8228594819272,0.9748829446080501,0.049849326987415635,0.21270546004390384,290.68794659200404,0.9569855605609804,0
ngengat/2.jpg,G1,0.026696640023221738,0.2061644407345576,316.9618739566071,0.9281872228948762,0.023162696090358075,0.15015023374047617,438.72473017746404,0.9006203086765443,0.026431550196793416,0.20741973006136558,280.0908558946988,0.936312069492735,0.02337599078814628,0.15956857022006063,437.88623982588985,0.9008019927772096,0
ngengat/49.jpg,G1,0.010634697841368775,0.027456027456027442,620.7020140440708,0.8608914773709689,0.009848395981849513,0.022567786981478436,941.3630494668129,0.7892053688038883,0.011416632328920005,0.033193594216259684,520.7405225340876,0.8830569347016485,0.00984125458230318,0.02120699924693455,927.1728367038194,0.7922373263833309,0
ngengat/17.jpg,G1,0.03643639570494198,0.2119430351579884,90.64630707610132,0.9618305596382215,0.03133784524278384,0.15360589078654793,159.7541428485219,0.9327146868057926,0.035389619093242695,0.19818416630477512,91.96115494967407,0.9612793030363056,0.030999172363712017,0.15124223832387182,136.30998991297213,0.9425889266709239,0
kupu/60.jpg,G1,0.0320031061123513,0.23295781696516987,7.587009008148625,0.9981585183452318,0.027833549964706477,0.1742318553173692,20.390190664844567,0.9950516613853884,0.0320712220594046,0.23742902229370394,12.042560575120559,0.9971399849472952,0.02805441670410455,0.17648394998540365,13.902947575106209,0.9966260003695012,1
kupu/45.jpg,G1,0.04226060320279892,0.3029190945764231,20.69671485133694,0.9947011709789112,0.03735828959623209,0.22922869558225398,31.896878055012152,0.9918334367685686,0.04432565445927542,0.31796991377212624,10.656512330258554,0.9974865172409075,0.03763875133351097,0.23312155681167093,26.95680075867429,0.9930982413335974,1
kupu/38.jpg,G1,0.045350767452743815,0.2912655281137261,49.80156675872511,0.9914497912110082,0.03924910898830607,0.2156740406207206,82.87576560021547,0.9857752611130244,0.04461424682669029,0.28474188210060786,37.60655396012229,0.9936117944862422,0.03930768294816213,0.2165922855746235,66.64367216528892,0.9885613605124822,1
kupu/7.jpg,G1,0.04594391127839901,0.24430728667305862,381.91588766379687,0.8976302809557665,0.038684346047143714,0.17347327159132042,661.7183458091152,0.8227169566073383,0.046819760126828945,0.24436204230091388,398.76750884701823,0.8962602240089924,0.03852717829409922,0.17186578178394388,601.0442415155815,0.8390080473588435,1
kupu/40.jpg,G1,0.042280676168742835,0.2951343014927191,10.029710770516687,0.9971379543762592,0.03733006715499804,0.2268382856935857,18.4358959326949,0.9947408697056294,0.04386161862314518,0.31346005633009066,9.743754214761777,0.9971575046854708,0.037644914547570234,0.22926312467827906,17.044442560294552,0.9951378038881025,1
kupu/12.jpg,G1,0.04718822541534712,0.34434225195094764,578.7844401974936,0.8209724678237906,0.04084557791092607,0.2587484347789122,800.622477358813,0.7530995394708816,0.05094578044668828,0.3804252093756304,511.26416419937993,0.8456988366886353,0.04136422232130776,0.2526811476190883,780.7417243595719,0.7592107604082589,1
kupu/61.jpg,G1,0.031180704682877442,0.2385792546837149,10.866792001613382,0.9973165381933113,0.027498136376029318,0.18152045814060644,20.151441973737363,0.9950248762995082,0.032080773553429864,0.2512879281114182,9.257082396164488,0.9976312737004959,0.02740769682290123,0.1809035907836271,16.605888440111663,0.9959002261567242,1
kupu/9.jpg,G1,0.6658695543072257,0.6793876413441633,323.1019668736998,0.9181351282064397,0.6610053929400799,0.6711595183169918,512.8926403245633,0.8706441829045266,0.6653295165276321,0.6790417585660812,350.86391260919635,0.911281273195972,0.6607060445992392,0.6710393527808604,516.3571687410067,0.8697704050972078,1
kupu/69.jpg,G1,0.022512361654196292,0.12511071024153245,52.454579249688145,0.9854838995359044,0.018982836067213054,0.08952846165315674,98.18971584782422,0.9728437087023186,0.023015917803753602,0.13042026101009208,47.54949831771062,0.9865844768288042,0.020166595463145604,0.097696098409982,84.63772093767025,0.9765918016498844,1
kupu/65.jpg,G1,0.033747121523599495,0.23338218640893893,25.010024263489175,0.9968416043697139,0.02966271826642639,0.17221803563398416,45.64770040090792,0.9942339524717091,0.035189198571852626,0.24552892790556716,24.730258317271797,0.9967598425223125,0.030136422031503667,0.1803117449804143,47.04320154294489,0.9940563937519878,1
kupu/52.jpg,G1,0.03414384904565521,0.26229353305771547,36.26652105256271,0.9953250607977173,0.03019249821227569,0.19583028890781567,67.64145977985763,0.9912785070485276,0.03515191465521233,0.26394111467019804,37.61880831593088,0.9955971546197808,0.030022928298753998,0.19523811990818388,67.93806455185867,0.9912402549426095,1
kupu/66.jpg,G1,0.030315167733218285,0.2407494332902963,13.875979349289738,0.9977221831020232,0.02668032938793709,0.183043819472514,22.60384424515493,0.9962901681863063,0.029716014103788085,0.23515762362075746,15.885097424050382,0.9972647448608631,0.02533095075777238,0.16956725958558785,31.60104398347704,0.994813512449661,1
kupu/44.jpg,G1,0.04138334515691739,0.2441007993325961,34.57912931920905,0.9870308944608419,0.03563893198797296,0.17775600993467594,48.24013587137505,0.9819147841159848,0.04195632039395213,0.24707334453854016,25.769429416416745,0.9901811429632176,0.03655835072870783,0.1856639009169478,63.45998144034767,0.9762088732944442,1
kupu/53.jpg,G1,0.036491942161093166,0.29316290696982306,11.280889232783784,0.9973835475733487,0.03156962896306564,0.21786545266487808,20.201137781867036,0.9953156495742542,0.03618046571656708,0.289281857041869,12.580166689667035,0.9974670200083213,0.03184538202587761,0.21973586069958223,22.414729886631918,0.9948023499997667,1
kupu/48.jpg,G1,0.03595659459705141,0.2816274971730116,22.06287712024106,0.9952065363916349,0.031563621799448646,0.211779701154586,35.47911770209027,0.99229300676969,0.03660901978421143,0.28699672910931845,18.201375569274425,0.9959530936930528,0.031660954129768416,0.21344919622432754,38.73246195974167,0.9915862947267663,1
kupu/27.jpg,G1,0.05101646816075565,0.2956419316843345,592.2343335130022,0.7811521745381637,0.04067430006452832,0.18868669601739915,819.8312601001626,0.6978825596723885,0.04871859826394101,0.2706804569765828,452.6067862894472,0.8350533265583766,0.04239068897909747,0.21109178422480224,787.4677790514203,0.7098079078095363,1
kupu/41.jpg,G1,0.04151450592773011,0.2909730542698228,16.601188374175013,0.9956245234861696,0.036460863110062976,0.2185849216003461,36.962485007253704,0.9902593319161112,0.04222932226092361,0.2979987637629321,22.54191821219814,0.9940406709397738,0.036703598980934136,0.2234168844072746,34.30912261528921,0.9909585670915582,1
kupu/33.jpg,G1,0.03080768733381535,0.2421080030194837,40.07997137626304,0.9944263046660886,0.027206762268970737,0.1788391218457864,53.6804587911129,0.9925064668831765,0.03059096469394875,0.23766203453917317,43.98662975586638,0.9937565315137046,0.02728798338850365,0.18026790662799944,92.76627310931093,0.9870550601596747,1
kupu/68.jpg,G1,0.03703107971284049,0.2607006649045628,16.644327275720357,0.9978579678393399,0.032868124157124305,0.20234065023528253,30.60188209386059,0.996062226063824,0.038461391420031604,0.28118178690965767,18.57862024077415,0.9976989988062279,0.032788759705474776,0.20168565516549344,34.09660724113041,0.9956128040187433,1
kupu/67.jpg,G1,0.02181604317322694,0.14595523854268969,40.41483759418251,0.989558464090082,0.017620663691915533,0.10100112573365976,95.08305212558432,0.9754402521246234,0.02021361053608541,0.13489164338057863,59.31816084020982,0.9845044869051373,0.017908707456366017,0.1019674077731185,90.42165594194941,0.9766442844632256,1
kupu/64.jpg,G1,0.030140194775521496,0.2777109101082894,12.370442059759649,0.9983353395944663,0.02607124354757007,0.20488195755606886,23.51384436495922,0.9968362860044653,0.030142151388165964,0.2750608821818112,14.57832152666163,0.9979647202201565,0.0261969347018596,0.20728913202773072,25.101422235187364,0.9966226811971325,1
kupu/15.jpg,G1,0.03150828032491482,0.10288617317039035,816.1152269136043,0.8919937956065922,0.028538135310772914,0.07544611914045755,1128.5375035670834,0.8503248394420378,0.030717957177747817,0.09587744618434704,673.8165809825205,0.9096317136310423,0.028729514551814193,0.07604808584942326,1204.3404478996974,0.8402679880760373,1
kupu/8.jpg,G1,0.01982108458803399,0.10778790058339323,241.7070047151004,0.9186089540754193,0.01634735935020746,0.05902415479265333,387.2727122603162,0.8698369556012885,0.020357846763141615,0.08520326056540235,287.2116131352899,0.904989799536901,0.01569840709849808,0.055489209825503205,399.5860269427818,0.8656989032691368,1
kupu/57.jpg,G1,0.04997300781592697,0.3345081555033114,7.36537923325957,0.9990731883670844,0.04361362321059765,0.2508242757787194,20.064985879942267,0.997475661900634,0.04999061069054023,0.3347342701006578,12.535453537780665,0.998460808373526,0.04395868374230412,0.2551292540601873,16.241138703187307,0.9979566898559064,1
kupu/56.jpg,G1,0.03664929803115342,0.269286814815603,19.516161557026745,0.9947619178139588,0.03212255393442809,0.20130427220893798,48.45508134090167,0.9869975159687681,0.03709689659737154,0.2728715348174667,33.04913666453897,0.9912935368198721,0.032172484223896916,0.20285799986101313,48.13293266026832,0.9870839603195487,1
kupu/63.jpg,G1,0.03339743386149192,0.23015206037792496,16.707040030371928,0.9972693452910856,0.02912327856249105,0.17222537365052132,39.521904388745824,0.9935416035650153,0.033978837693049976,0.23673502249824707,27.296018626781045,0.9956381958578434,0.02926590955554276,0.17392198332714878,41.33045802563889,0.9932460337890658,1
kupu/26.jpg,G1,0.040852600080852196,0.28977645305514105,457.82438152012435,0.8642228922947802,0.03326156637910583,0.2012005709466813,1064.4736933203596,0.6851668080762582,0.038395157606250306,0.27169754325551465,722.2198526765973,0.7864624706921417,0.03215671050815445,0.1902114183042016,737.0180260105458,0.7820191683098793,1
kupu/43.jpg,G1,0.044376750030245944,0.2424420118459714,24.7400844140357,0.9919883966714725,0.03933170435263274,0.18729193362130891,40.92270954017807,0.9867490614166884,0.04501962398034998,0.24712434385417759,24.30447876889089,0.9917348260103906,0.038218411713441446,0.17638076512881984,49.700636842221705,0.9839067438226152,1
kupu/51.jpg,G1,0.034326143183241155,0.24492781658373552,12.40816019662862,0.9977035528628255,0.030055392837957454,0.18215426164254842,22.603290896901363,0.9958185710131309,0.03528175755257085,0.25385308430282244,10.4423009156769,0.9984048610763202,0.030204987609835438,0.1833890848558449,19.38882747172741,0.9964132197291155,1
kupu/62.jpg,G1,0.03368077924001386,0.17768223721201232,62.587819370575616,0.9906504893844541,0.029834835684273534,0.13555712750100138,103.22689525014286,0.984587965879009,0.0359800985986697,0.19521851250458125,52.25113644387615,0.9924229493123087,0.029517489450662848,0.1333906931264594,106.30799652001548,0.9841279489212998,1
kupu/29.jpg,G1,0.024997100345909545,0.10972588507951705,382.15705666107453,0.969694512036663,0.021326854894178456,0.0750097344288425,615.3967096505688,0.9512906626735774,0.027012310621411732,0.12908731765819786,398.2716822705753,0.9678265175365798,0.02151350856522544,0.07643596922015498,626.4966416644602,0.9503973829371567,1
kupu/58.jpg,G1,0.04606330184240583,0.27812194070480634,17.36715626457915,0.9963072735966503,0.04076080845694125,0.21212477597976387,32.34266631004967,0.9931249095671661,0.04701850219496678,0.28678422384168467,18.756121753646166,0.9960818184473057,0.040572313278748114,0.21036982046013838,33.13902828958348,0.9929556265599807,1
kupu/34.jpg,G1,0.02941898371977463,0.28351990939349386,20.051125920529195,0.9978497823774138,0.025678445108372867,0.21694764776338843,33.89028608463558,0.9963668907987069,0.029413841260995683,0.28325637061233616,17.840104503425138,0.9977885222644544,0.025746506316519886,0.21844807144201492,35.275969182823296,0.9962183483446034,1
kupu/5.jpg,G1,0.019631617792355012,0.10352598619919443,224.2968569263356,0.9486658554636699,0.017332807927528747,0.07682334769067696,352.2260381571276,0.9196404320424234,0.02355142715304401,0.12551963579601463,227.1063816520927,0.9485749853090768,0.016441449186945848,0.06695794019603568,405.2898214598964,0.907535131349196,1
kupu/18.jpg,G1,0.03203145988203533,0.21303742038216583,397.5460390127328,0.8914001645778471,0.027962221884626354,0.15014148429358026,584.7264987888271,0.840403436684392,0.036708910097156905,0.23806192028690035,386.69113133783713,0.8957048678222541,0.026759917577076284,0.14481356667372822,518.4659299919311,0.8585420424307177,1
kupu/23.jpg,G1,0.029041778643217536,0.2248751248751252,214.1591008991009,0.9392365232166943,0.023738871283402636,0.1535467900925,252.03736106794764,0.9284491258271145,0.027186696559896258,0.19548073353240145,192.46641065357207,0.9466546514658526,0.023496591249503554,0.1303053095256452,351.1266411280147,0.9003212976274024,1
kupu/46.jpg,G1,0.05188449922850893,0.31228600792835076,11.815509616796387,0.996755648590872,0.04582642710521865,0.24559560787555126,17.513460749652104,0.9951891535175527,0.05356964542179715,0.3389530573138985,8.11202468324168,0.9984409868168563,0.04546410163593479,0.23795718605128327,19.267866087281128,0.9947063781675299,1
kupu/20.jpg,G1,0.37591529376038346,0.48367063492063495,1132.926170634929,0.9351889617001056,0.3672128950393134,0.46629897504105894,1453.797674754795,0.9169884455298776,0.37714355629253216,0.500048531686421,687.3956168013065,0.9616585296917838,0.36703730729102446,0.4656615590515605,1504.3851245712722,0.9140707107685409,1
kupu/59.jpg,G1,0.03409962805678936,0.30911698344955874,66.97517285472325,0.9878682717697581,0.02957517497459557,0.2332582065846391,167.7820727511257,0.969620380525886,0.03407400962921574,0.3083557858928525,100.28347219152393,0.9819553036578886,0.029652522587784634,0.2342673228667276,142.93689524762817,0.974118985727156,1
kupu/42.jpg,G1,0.025353371575110185,0.1601066661026689,39.6139879410205,0.9870002415978508,0.022240036847378325,0.12333565980423954,64.99364265247611,0.9786698962341642,0.02626286196180956,0.17097443450596653,32.28728594590936,0.9898057667116257,0.021824517106497694,0.1177650330884722,68.71821875907223,0.9774475415726522,1
kupu/24.jpg,G1,0.016462084510025853,0.09889714696715393,496.6627507392331,0.926112387468835,0.013975994018845892,0.0694667917892626,776.8318237321754,0.8843913600012904,0.01704642578679257,0.1103278680241446,462.5108792474279,0.9319497553465255,0.013944369494627023,0.06834241044016444,809.2633097877005,0.879532859090077,1
kupu/22.jpg,G1,0.022443988191966583,0.16171229467396683,190.43384768541634,0.9696824973378111,0.018860423481244813,0.098022822088879,254.6178824936884,0.9593352313508279,0.02350795851343947,0.15428687371777872,163.38253218496678,0.9769612063869478,0.019067226744426687,0.10064587370339746,306.4517988452481,0.9510847160663989,1
kupu/1.jpg,G1,0.1272869995871532,0.43651220727453904,440.6800797209794,0.7537634792040581,0.11285622379962762,0.370071400216322,632.6387796055474,0.6482542241109788,0.12988153776438152,0.44945449756411954,383.7874229165368,0.7867004700871054,0.11370332621417968,0.377398839953183,583.4187461197746,0.6755624690281885,1
kupu/30.jpg,G1,0.05267797544362774,0.27005550453220434,505.3316894940783,0.8670529618169979,0.04428171115649117,0.20024653517182556,884.6332194429665,0.7679663985072658,0.05385114450133133,0.27238004180709147,646.5313074293465,0.8300403511844164,0.045551521090774504,0.21364822945626524,993.7383068372671,0.7393784963788592,1
kupu/39.jpg,G1,0.035407262475884535,0.26767009534770353,11.012655749234703,0.9975541761561656,0.031173758016552845,0.20527429583578286,16.539511832277018,0.9963288718789003,0.036304188002224715,0.2822911819624798,7.051967670296236,0.9985105196510106,0.030952691602785156,0.20258298097206603,16.508622044582268,0.9963357279476832,1
kupu/3.jpg,G1,0.1791895052818445,0.25697274834172523,517.8067010309309,0.9209435484522795,0.16792827248922984,0.2067126613665442,858.2442977547242,0.8685666766775461,0.2762384957439505,0.33318483671881666,440.8547293468245,0.9362586784363279,0.1678469596588133,0.2063527098069382,847.289403649527,0.8702543893199158,1
kupu/21.jpg,G1,0.047306675077217884,0.23721930243669373,541.3307652492422,0.9363789229034694,0.04257882099478846,0.19348013816840678,732.8007435967562,0.9140548434124385,0.054817800812667954,0.29443503585919145,618.8675053401706,0.9290378427184809,0.042990693005547656,0.1919793013785609,876.1547816620147,0.8972099364294551,1
kupu/25.jpg,G1,0.01307316078157569,0.06997571946025546,703.3688850853582,0.9367948001420762,0.010449897829184677,0.03977094454107439,1146.7120182619353,0.8970849730907462,0.012925608358445698,0.057219646263878675,683.1767767272148,0.9401077903640244,0.010808189375060609,0.042471337513929106,1123.0960265819406,0.8992342295296794,1
kupu/6.jpg,G1,0.03350968992319637,0.2691511387163561,209.781792482878,0.9501376472562731,0.027829121979043706,0.18801579565928703,384.4790388669111,0.9088465397873271,0.03290115222262251,0.2676497395601489,237.43320591192037,0.9446906569720056,0.027151753780166595,0.16775956064331424,354.19264277836044,0.9160280237156193,1
kupu/50.jpg,G1,0.040458658260201535,0.24626723596170175,15.061429799268133,0.9955995766737138,0.035805693823080895,0.1876459314297537,24.413259140952505,0.9928692976083242,0.04111053888870265,0.25112134120055934,15.692825918660251,0.9956525944262038,0.035401575874363295,0.18351344428900457,30.269603631939294,0.991158757969193,1
kupu/32.jpg,G1,0.06913879716397843,0.38917082917082774,619.1033766233577,0.8032623906465888,0.0563584806207671,0.2727624209593681,996.1872125639735,0.6840720216896357,0.06648574577964875,0.3484544072711759,719.4717236283147,0.7742348427769592,0.057547259484621374,0.2731626552449889,997.2001939429833,0.6837451392488818,1
kupu/14.jpg,G1,0.04655139714924777,0.39822902955606054,103.25000997168017,0.9706301921456346,0.038994124359613296,0.2895265240736769,198.9287182420014,0.9431936907935708,0.04453705103201546,0.36015842893297856,124.99865994122756,0.9708999840285142,0.036592746837597695,0.24190098374596417,186.62916839436792,0.9467048960038458,1
kupu/36.jpg,G1,0.0346672667952001,0.22368117651790403,38.806011958227195,0.9919500646647246,0.02960740313107235,0.15984670684225158,107.52102920378509,0.977701838110659,0.034046183339683254,0.21471847168111308,62.609160636158244,0.9869507868136838,0.03022634556860475,0.16868505331964884,74.46246525697033,0.9845576606908717,1
kupu/35.jpg,G1,0.029707960991044058,0.18849919730421366,40.09962169980785,0.9913211908505281,0.025559796354471667,0.1380995213694357,78.09157862715315,0.9830952422924598,0.0294552688484334,0.18605028210597932,43.19054993296108,0.9905150893794695,0.025925533088897827,0.14205919548671767,72.06006677474998,0.984400920510854,1
kupu/16.jpg,G1,0.022704872332590748,0.15589285714285692,397.72269841269866,0.9401687560418854,0.019069671858187164,0.1037358927966398,624.158493387365,0.906152089834099,0.0216427042959762,0.14041484934686452,425.3573575008266,0.9365580191506957,0.01803925837604356,0.08791160122865353,640.4909691165955,0.9036412467860847,1
kupu/55.jpg,G1,0.04027528628222388,0.2639314966492931,33.258605112930944,0.9868187486676075,0.035363909643458404,0.19951318576532961,66.40759657262409,0.9736085494868003,0.0407253644593295,0.26885874196142273,40.43867751423558,0.9839553962597509,0.035218104767563894,0.19809407874309917,62.14975800263389,0.9753110653559001,1
kupu/4.jpg,G1,0.024260757888513926,0.16958783513405343,328.6716286514543,0.9519865945228912,0.019023873619010787,0.10012997142924161,811.2178651107,0.8816160104867774,0.022149537301829662,0.13562504008256432,494.20531812359127,0.9260110082028972,0.018901190368172564,0.09834131476462141,480.5546377907641,0.929872178515483,1
kupu/70.jpg,G1,0.028762210065072607,0.22611954965974743,23.844440230951125,0.9952775398281132,0.025278300648744246,0.17104548327492222,49.01064629577956,0.990294055644925,0.02904007213112293,0.22788352788253374,25.833128657084085,0.9949108281038678,0.02517929810948411,0.16799130068388268,40.92265072625324,0.9918957814166518,1
kupu/13.jpg,G1,0.034095732799808265,0.28091654722089515,207.9658783245731,0.9505683342910975,0.02805132736758989,0.19684309280517415,384.80664463324297,0.9087689252157279,0.03314002989396573,0.2795525598541618,239.67734809624145,0.9443218000081448,0.027348596671820356,0.17874858992313955,354.5126036298684,0.9159521691475379,1
kupu/31.jpg,G1,0.060623960199451876,0.3817063492063491,116.68236111111017,0.9785881781906326,0.047610066428216524,0.27489450757018585,209.2868780987553,0.9616672376933647,0.05469357005672072,0.33638766878650245,127.48610715816206,0.9768948905405702,0.049355527824154075,0.28077279206944944,207.07675799882776,0.9620719012319322,1
kupu/54.jpg,G1,0.04389313587153733,0.31596374580755565,17.34646113444337,0.9963802096405598,0.03879278272775685,0.24249556386252133,30.622607648233117,0.9935684750715063,0.04453668854345721,0.3221941014430674,20.549590590568776,0.9964279149913582,0.03849707227249155,0.2396254260398182,37.700312186681124,0.9920794289232052,1
kupu/11.jpg,G1,0.034550177743844016,0.2587109406217533,234.08095580596688,0.9672398257564564,0.026232017777867322,0.1437746502849748,403.7829517211644,0.9436555812697041,0.030300370476955524,0.19636287542154168,304.72437492779216,0.9574905973717197,0.02657237318315169,0.15612403580430056,422.4165824756294,0.941054357808017,1
kupu/10.jpg,G1,0.01714589202399562,0.0657532607395001,373.1432132743044,0.9264494913215632,0.014757405168243904,0.04217180519482954,543.3710149234292,0.8932242985610642,0.01765356481193973,0.06267430030781485,383.2366025910185,0.9240615415854377,0.014802928413893046,0.04026675237721573,527.1107348571323,0.8964189408828379,1
kupu/47.jpg,G1,0.026374099281488917,0.2107647089697162,59.096753917018766,0.9868899743353933,0.023336481084797626,0.1574763727294672,84.42997431880555,0.9812739254542052,0.026679876914173967,0.2091754564481675,59.51556992519099,0.9868823167567998,0.022725419804448047,0.15261310104509987,128.35174974635424,0.9715323382494999,1
kupu/28.jpg,G1,0.15374118839950104,0.5033956535634371,229.76360258868917,0.8149787190340071,0.14079244310166883,0.45046925463959553,324.88946015631274,0.7397130340398923,0.16959585716345252,0.5850896260656776,212.03882818060256,0.8298673559274123,0.13582365823494988,0.4215159661949126,330.184319706334,0.7354853600526419,1
kupu/19.jpg,G1,0.05865641135951678,0.1361681796464406,187.63332138875614,0.9761161511648948,0.05396973282114807,0.0915960001637181,321.5296563915181,0.9586914891619759,0.057438929702084265,0.14699688981052184,200.96157642939278,0.9792285713848679,0.054091716541578676,0.09349773812830359,313.0786021132404,0.9597767559653652,1
kupu/2.jpg,G1,0.09530150661609851,0.44649350649350467,284.1473926073876,0.9335407190364693,0.08454974413012174,0.3534323066035584,447.1418785636214,0.8953458683410527,0.09221150719752257,0.40160031697223103,284.8587324213852,0.9359927525000806,0.08368531380069853,0.35337113468975306,434.0310362168952,0.8984145278490209,1
kupu/49.jpg,G1,0.03408954365892507,0.22005339406443467,11.483195250295452,0.9953573373706944,0.030020502408825013,0.16590963081070342,17.493905717419917,0.9929277228674843,0.035650725207517005,0.23723695905126768,8.695702742401187,0.9964222992892889,0.03053137243603537,0.17283502375190088,18.499829617060428,0.9925210581133161,1
kupu/17.jpg,G1,0.033778659502743544,0.24238679846938788,286.4863679846955,0.9657707945552717,0.02908846656415735,0.16929232961674998,429.26096204736893,0.9485803264016586,0.03769348971665022,0.26465708671553384,294.51192889234494,0.9690450702722501,0.028843234090747957,0.17167654207822414,535.544730913453,0.9358515656792014,1
